ward,no2_ugm3,pm25_ugm3
Golborne,25.3,9.3
Dalgarno,23.1,8.9
Notting Dale,26.0,9.4
St. Helen's,26.0,9.4
Pembridge,25.0,9.3
Colville,26.7,9.4
Norland,25.0,9.3
Holland,26.7,9.4
Campden,27.6,9.3
Abingdon,27.6,9.3
Queen's Gate,29.7,9.5
Courtfield,29.7,9.5
Earl's Court,28.7,9.5
Redcliffe,28.7,9.5
Brompton & Hans Town,29.1,9.5
Royal Hospital,29.1,9.5
Chelsea Riverside,29.4,9.4
Stanley,29.4,9.4
